{"cameraMode":{"drawMode":0,"name":"Shaded","section":"Shading Mode"},"sceneLighting":true,"audioPlay":false,"sceneViewState":{"m_AlwaysRefresh":false,"showFog":true,"showSkybox":true,"showFlares":true,"showImageEffects":true,"showParticleSystems":true,"showVisualEffectGraphs":true,"m_FxEnabled":true},"in2DMode":false,"pivot":{"x":38.398868560791019,"y":13.485873222351075,"z":12.832931518554688},"rotation":{"x":-0.025699622929096223,"y":0.4514535367488861,"z":-0.01301134005188942,"w":-0.8918437361717224},"size":6.703749656677246,"orthographic":false}